3038,3044,3070,3093,3123,3127,3150,3160,3024,3025,3027,3033,3034,3040,3042,3045,3055,3063,3078,3100,3115,3134,3152,3154,3170,3172,3174,3197,3218,3228,3023,3039,3071,3081,3089,3091,3111,3112,3114,3120,3122,3124,3133,3136,3141,3161,3183,3184,3206,3221,3223
27.15680524492979,27.128874722819273,27.077273053577027,27.01678776502661,27.275866639470397,27.111223799735825,27.263880002270543,27.05946599570576,27.289080846753656,27.19402268362053,27.124403319518855,27.12950821154375,27.389127619600874,27.065320283539158,27.19284635545479,27.44242577187103,27.144191925717493,27.090301625215094,27.120851178648817,27.239551770088628,27.285082051674244,27.353216951840253,27.19726425663284,27.352797500502056,27.193008146506934,27.310829288061193,27.239599405711402,27.45966308341744,27.171132325829063,27.330134720032852,27.24990466624626,27.216797055801337,27.23941600567787,27.143789836843197,27.206670465250937,27.29568868702672,27.126033322390327,27.277649603806882,27.162690575568917,27.703553305703732,27.208133183862223,27.28817972861978,27.191173629360566,27.302978988661224,27.305221383077672,27.334305431233734,27.069126179720932,27.285223664313463,27.249456235349076,27.17182486049083,27.608361624653718
16.552256955064667,16.531227192190144,16.514270574198264,16.470557421377684,16.611296688455983,16.532209422304174,16.61377311527573,16.4992280016734,16.633334762053355,16.58072707985676,16.53864969524605,16.538835319998363,16.714118723849772,16.508965716288497,16.576953548506665,16.74594588751309,16.543705639788786,16.521303488030632,16.532182348440603,16.598103045282215,16.621799021019086,16.660470007062198,16.570283635431114,16.66124300970829,16.574243734205414,16.641707221313006,16.606961014901245,16.761965785236725,16.566757729775635,16.656940199460337,16.60864351544179,16.596548006614544,16.605736574458845,16.551930424718513,16.579221339563265,16.631696594311467,16.534561610101978,16.63085872696077,16.57009905913509,16.90688918380721,16.58816524089676,16.634171685011125,16.57096896678204,16.63406296455946,16.64237696723436,16.651024544330877,16.509212813970258,16.624242069585556,16.614018304014643,16.562401638583815,16.869973515416948
16.4175750420588,16.400201266138225,16.34736733942071,16.33577403554547,16.47663386692577,16.39338199835211,16.478189509668624,16.36250892749131,16.49568369835129,16.44367748887979,16.402139158455025,16.401715168091016,16.523704096884988,16.36614238258344,16.432192542960077,16.548447980736512,16.410029149078948,16.38639245875032,16.402124616312296,16.461701445924234,16.484602524512063,16.527216287770607,16.442418057682772,16.520797533377394,16.440122195608375,16.504136505270054,16.473637297123837,16.55473454456382,16.42600886139363,16.511612832272466,16.472091908777735,16.43838457134535,16.464260982690885,16.417617958291885,16.448325139714218,16.499427878850632,16.395930027775172,16.478373797351615,16.425852501532255,16.67651782382118,16.447928392508597,16.49387781333079,16.437738919947762,16.49143291496619,16.505730166593338,16.51220633045334,16.37716781712159,16.481735357570138,16.47585232621321,16.422648916565947,16.603763317201096
8.160424182223151,8.15288405801209,8.114359318112482,8.12393962906256,8.18362708100873,8.14892971216653,8.183949293653013,8.132854457114998,8.192909920423649,8.17146848087319,8.149886376189288,8.150014064550065,8.181181871741952,8.131423673318467,8.161464935390434,8.191997585255876,8.151971289150623,8.145271194918447,8.154773700662519,8.177025009362557,8.1867948249686755,8.210643339513517,8.173873160709677,8.203979121942176,8.168889799902942,8.19843573341294,8.186208541370094,8.186327033889606,8.16123203897108,8.193615059713197,8.186210498821223,8.159185981939261,8.17923821065164,8.15966868471681,8.172483070910591,8.199343581409508,8.145374051380797,8.179228336569803,8.160419987651588,8.232133285391175,8.172273478655251,8.192582909468353,8.169537252602549,8.185453373765483,8.199638681174305,8.198996063958168,8.143758237101734,8.185596985328804,8.181659429537156,8.159336304136936,8.181207355532672
8.552033335333562,8.538824233044716,8.529761158648038,8.516172075210765,8.566694792832159,8.54667966181509,8.573031624126239,8.52774986201012,8.58764797925797,8.567772744665787,8.545667912656949,8.542751170090389,8.618493353357762,8.534003357042767,8.559734004079512,8.63432014475663,8.540894577952637,8.542417181256305,8.542500715529982,8.564985409124418,8.574583652260003,8.593989820412316,8.556882653184202,8.592433536735395,8.559256046582401,8.588337680845067,8.578502379794074,8.637616400412288,8.55865383884448,8.589188183907453,8.578147584685826,8.569556173632579,8.57628237426811,8.554655077172772,8.558885790272994,8.586782088596996,8.539232185808073,8.585512726516601,8.56539294880143,8.694898264047772,8.570683036607072,8.588512083125412,8.558313611553034,8.576346842364803,8.592109760842616,8.587702417897523,8.538831121273681,8.577774021203636,8.577202088643345,8.553680338719486,8.677750458986843
7.226455851504714,7.216170582134222,7.199205977106664,7.196361337981523,7.238223344993755,7.221542243933001,7.244398804089423,7.2060123428314204,7.255990412215,7.2397853801796686,7.221049757534749,7.218718921405354,7.269435590402089,7.210110254005629,7.230703144947114,7.280591354300568,7.217574632047296,7.2189713276463365,7.2204685250984,7.237457447592606,7.244489271700507,7.262435583301648,7.232272715901621,7.258942848336723,7.233171965974587,7.256821381152651,7.250438431629941,7.28070503626023,7.231171689303073,7.256021878877443,7.248557820398174,7.235230967669726,7.245758543266819,7.229726541811533,7.233588467269903,7.256573966170186,7.214619247832165,7.250207664781448,7.236660214396821,7.323894627513875,7.240995429093428,7.2564503871677015,7.232319444742123,7.244932938169855,7.260526669771683,7.255208323839095,7.2170162136024345,7.245913416872855,7.248011892649975,7.226711892429509,7.3007838640327165
16.028045943253808,16.05631421663866,16.254088292760414,16.18940585929175,15.896396513155006,16.21462326827062,15.968774605392591,16.11499743535907,15.889793238223254,16.108065324513447,15.977480874938518,16.178807191791076,16.04941943263955,16.079563586870066,16.117267822491158,16.07680691814878,15.926729056894157,16.028534161015507,16.23013130785249,16.12889425776608,15.930637389362529,16.111928641844603,16.038000477315485,16.076437741618392,16.03753844704105,16.17127428898547,16.17899672017483,15.95422113471095,16.194513678759616,16.070829893905334,16.229410047920357,16.079811314184557,16.172325279131574,16.114095336605548,15.951515080407045,16.06140284826091,15.93126491855714,15.945904578139551,16.210644003589703,16.04961269623421,16.02417266402602,16.11629083258755,16.071273249550927,15.947025375241173,16.10556049987162,15.917649967782587,16.1877540021965,16.087884259336906,16.05943821286956,16.089753655869252,16.009939359949637
3.34395237779756,3.341039901823007,3.3419537582900527,3.348871924737023,3.3280410027024487,3.355677119427021,3.3358619537829726,3.3430938587348984,3.3386416949876487,3.351879028583132,3.337500951219962,3.3461852416226634,3.333756393002788,3.3413942002452894,3.3440890836872943,3.338943958973003,3.3278657813596535,3.344653763919673,3.353594246183819,3.343282741413613,3.3329897153467054,3.349738417985647,3.343925554865141,3.344233865549323,3.342040787106274,3.3531377068368347,3.3567352324674853,3.3245714780241853,3.352037452575031,3.3379403730327306,3.359788863804882,3.3416092694307133,3.353892948202169,3.3499442498380114,3.335127724094905,3.350897769423476,3.329989643449791,3.3377295275605796,3.356950379628882,3.3267289791709587,3.3470036458086376,3.3519135046237256,3.3454555805782604,3.3285293644347274,3.3526365469365182,3.3339280134609224,3.3557628171713083,3.343984876907304,3.343229795397912,3.3433728963849347,3.311366720068817
10.134818621797208,10.118427136106153,10.173574560969957,10.137690798000163,10.104174037438023,10.155270861045349,10.104285050631988,10.115983363520282,10.12477567934615,10.144983545306992,10.105616958348453,10.120193064242178,10.17608502581933,10.115296418393008,10.140091129882101,10.215205950194878,10.075607169640195,10.119830567347437,10.127887066936186,10.119887232118604,10.115657846080326,10.148158021166076,10.123445502802845,10.149959651203003,10.116433854644217,10.154443516598187,10.139761737634833,10.184809108538227,10.14566326609599,10.111252259762034,10.169485397061257,10.16326150645541,10.159263969465178,10.126168718180438,10.095142592961245,10.150390120715969,10.098821579403875,10.1487818788966,10.153727140670181,10.227841148396314,10.149072428955284,10.152773113284022,10.130902408465992,10.102060376399418,10.149229387493744,10.123100407395992,10.135597630059593,10.151667567623722,10.1083260679652,10.13309397694282,10.230853755233586
34.00773536250183,33.94466145745315,34.130992294838535,33.947743647320515,33.986401655074644,34.03380946385702,33.97685216841836,33.92113257687203,34.05165075217842,34.04501717200088,33.933082119189926,33.95175892326942,34.32392761130227,33.93908170426527,34.04906110097211,34.455454287251555,33.862615118317166,33.94687389570151,33.94548827183836,33.99321964330618,34.02210444290533,34.09876938416714,33.9763064316436,34.124648381290626,33.971950284799796,34.104814370200714,34.03081175600059,34.42472080429405,34.038630311827596,34.03141047999049,34.11252047338834,34.15260574552931,34.100896859568145,33.97201405172076,33.92399068866642,34.087766236728086,33.9254437272885,34.137471420657405,34.061586694877654,34.659596797667746,34.07644664950292,34.104938769811575,34.00237411420217,34.00506919876278,34.09370448915406,34.06313151708153,33.95597507540084,34.109465580276336,33.97993442497435,34.01515509598214,34.72024460070661
5.678405935773173,5.660177662379192,5.735819129610597,5.692753690816055,5.63331921346601,5.697782367980984,5.6321118093207145,5.66893851421644,5.658034572159948,5.679728250680334,5.656989041754461,5.657272430805941,5.718522082147963,5.674250175675951,5.677622048098726,5.754727641804265,5.622028044933962,5.674122401085938,5.659396982890904,5.641542294843322,5.64389364678861,5.653063820599488,5.653986554543428,5.661621366155623,5.651416137733104,5.665559834091716,5.659445704792589,5.732969821855617,5.679674422684904,5.627194511250095,5.687622559510528,5.709875323038727,5.685427246187632,5.6655302893352255,5.6300004684893254,5.668705904197922,5.653179169180074,5.690798793189194,5.692126612650074,5.7472961321354115,5.6897346626149865,5.6738163274330615,5.664254203092951,5.628086631697733,5.665849826394498,5.646031838797805,5.681613175553359,5.675025696613794,5.634733985387035,5.672290346045691,5.791788081616002
15.741609870252882,15.72401345644146,15.710000498471285,15.717899264525078,15.723597904024535,15.76110178336674,15.745706206430203,15.715250742019865,15.763417456566344,15.773052797836,15.71899345150031,15.737670392375705,15.774733553119384,15.715780880442189,15.748268637096604,15.800846042574019,15.695237258171627,15.731650256013895,15.75545971730977,15.755065770762517,15.740438566780771,15.799678462168254,15.748864361732718,15.784152174879745,15.745128382431497,15.799138233469247,15.796649094093938,15.767060899387637,15.764545885208014,15.764963353180846,15.803135684000717,15.74865653206503,15.78648063706627,15.756398708823168,15.730511408159511,15.792627154024638,15.697235794088463,15.75675450065085,15.780484211350617,15.830907241024974,15.764386458383363,15.794307920036468,15.7521716967199,15.732115199100928,15.800875697700763,15.755618099968064,15.753700847847737,15.767344577878207,15.763715821793626,15.741295266664604,15.77250092036398
18.701770203175254,18.69004370437272,18.550359899022745,18.68188445974361,18.658309624578145,18.719656592465075,18.69099996124766,18.668577092654083,18.710072801352645,18.734698000801096,18.669807471807967,18.687979072195922,18.532466726951093,18.650677989670672,18.6700713861436,18.538178548287743,18.640999163318966,18.698572186782634,18.738206484460402,18.700285450043125,18.673724744916612,18.760141771807614,18.728246743509192,18.713349612345016,18.703924489326223,18.7505365083467,18.774275740906557,18.45667511768871,18.709768620035476,18.67468885163418,18.767884571651887,18.62331611099964,18.73031965926656,18.726958229119656,18.693100665757036,18.764251600714044,18.629675054749047,18.649983646997804,18.725108663597005,18.43515985598481,18.71083519824693,18.740678560188456,18.715853385666342,18.640266300605667,18.760555338358856,18.684158306838732,18.739724511220246,18.691255146406615,18.711012044184564,18.680107327804,18.245710206617424
10.061127859639448,10.031727636546988,10.080054179821085,10.062305918274006,9.99323065372745,10.09203703460482,10.024691864544412,10.054409265727106,10.062912580559876,10.086257220107218,10.05392005244255,10.045430087318138,10.117633705887991,10.072111403866739,10.059891635923607,10.145530398598659,10.005768892643765,10.079066726609682,10.053878315528728,10.025064991897713,10.017368462886985,10.037579712931443,10.034909819050375,10.035411942714614,10.044720657094274,10.05849818284035,10.079117986993529,10.128551137972144,10.075829851717382,10.026200064081733,10.083753922552791,10.086928807580394,10.083156272047612,10.075893707250346,10.021230517974647,10.06414635702696,10.028814483953035,10.080732913118862,10.110956607847521,10.138186631262224,10.087443152883637,10.078982869360848,10.049677251246525,10.002407614714187,10.074074960487556,10.023196100777664,10.090941270626043,10.045608719500333,10.052536481589202,10.053186875390322,10.17481412731021
17.763784613384125,17.726805139559126,17.7613457699023,17.751464677666892,17.69816055522267,17.785450082522456,17.71008206498401,17.72395599378178,17.7630734298524,17.781650783294573,17.723307132033696,17.718385856222124,17.785205838217458,17.730279884422885,17.74951898234613,17.841378651507917,17.6650225331408,17.754095244831948,17.73774838499939,17.713740614229447,17.720347426419124,17.7653057905195,17.741872767030745,17.759669581818287,17.731389253439385,17.773203526955097,17.771246483843665,17.78790474643367,17.763104135255123,17.699246102954422,17.802363326835977,17.781427492812256,17.787624021786925,17.75404411347337,17.702653157572417,17.78779269555707,17.701834725473432,17.780497679930384,17.789887679062645,17.821944757031073,17.79146023984174,17.7844239171569,17.750394163360557,17.68671280490359,17.783698115007773,17.733988211609905,17.769904957300284,17.762052927647275,17.719337000699756,17.74452881541457,17.80753789459185
8.935447955206463,8.89620662243524,9.033685988033502,8.945033334230486,8.856426096154008,8.972806506982922,8.881358537683525,8.931492865934793,8.930763301477,8.955673976872328,8.926890824905335,8.912420430638072,9.090761777703213,8.961262931164926,8.947026028819987,9.139758149750518,8.866281367383435,8.95270354384198,8.905569170804842,8.882346073863681,8.884075565909125,8.886116481132952,8.886663062990019,8.903279857580953,8.905601587529295,8.917378211617054,8.92763716209115,9.137618635800562,8.951686261958,8.890274654248906,8.947945194032828,9.009732497263945,8.958662506019122,8.938108927276886,8.872876573284602,8.919113194353889,8.910179857843772,8.987020071324057,8.993071413127414,9.177404940729016,8.969994419561328,8.946971189938395,8.912727419135715,8.872732834572787,8.93181364855846,8.890562610996875,8.95526113281125,8.925392097092535,8.907487189441614,8.931981620164157,9.303310450944362
6.243556220072973,6.230871993449549,6.22835630555924,6.235923355545447,6.219512380413338,6.253362449541971,6.233391656465163,6.23398024870924,6.250572701148441,6.256738694836711,6.237513111796389,6.2345784689490396,6.250295432520518,6.238620636599951,6.239817458729769,6.261604836689634,6.218462617478689,6.247889429675472,6.242355538497447,6.232289491667917,6.229900448880952,6.246495510630017,6.238498222030355,6.240853472361675,6.239202244733975,6.251279939561935,6.259221655652218,6.249275050793479,6.248790701686972,6.233203598247742,6.259709343920241,6.245041175849059,6.255646135782488,6.2507904052237,6.230987608991709,6.255391685830412,6.224345251489433,6.248891971868814,6.262310566169901,6.25461043250358,6.255507964147985,6.257370458233866,6.241803330188841,6.2212692177853,6.258333827561206,6.234500951805662,6.254572650338459,6.24007496768484,6.244611295157702,6.238363154430349,6.243123119691082
13.111475762175305,13.10318354448144,12.7087131381668,13.089674992699717,13.020442896073126,13.091423326792938,13.070447281281385,13.07196112545378,13.10731158024231,13.118726307882547,13.087620683009842,13.04553692121828,12.573366091515853,13.044237538397294,12.981259113493476,12.523301202259704,13.054276997234584,13.14668471142512,13.140858075541704,13.0343387994136,13.021900356339213,13.096725103504987,13.151762158846793,13.001314377747038,13.103176405226574,13.064166086994792,13.163955778867708,12.371476985002168,13.043081579589206,12.949228388543473,13.105442562851827,12.857985141148397,13.053048852148649,13.141710843459059,13.119622633950438,13.147598663880103,13.026893825874968,12.945507346919186,13.074148567040254,12.161109508155665,13.08834120423504,13.073025235489805,13.108868992878483,12.941750292464597,13.11894060765347,13.020577297007115,13.179453941817757,12.978909186281491,13.07565525642702,13.028466194196024,11.818014311443473
25.351769614183485,25.320122136971968,24.68733497987616,25.31491746066223,25.150657204282602,25.345192724438533,25.27456907707625,25.30002086902791,25.358654606253133,25.39424713189257,25.334954959538805,25.25141456651275,24.507207061945707,25.273388937730267,25.1412061948447,24.420180285520217,25.251033874159525,25.445405875753636,25.410185895403522,25.20913421466708,25.17618509515462,25.297684845392496,25.400898245879002,25.137224585310356,25.341122903913273,25.269207829716933,25.4686186814541,24.19170803597299,25.262409962762916,25.08373880601973,25.351417017920483,24.948957411664324,25.273194143381772,25.43609689491489,25.356475947293486,25.40808728369953,25.206180449555248,25.09235919010674,25.344751871580275,23.811439676238663,25.3359830351232,25.30687874355573,25.343128194177197,25.042978265217755,25.377139539267016,25.172919425144297,25.50612211240799,25.11158120451899,25.3227980286419,25.215877945224065,23.277591620749746
5.193615123063694,5.175200767138527,5.196467003425955,5.186925190697649,5.163224273991445,5.203296561125079,5.180404924447895,5.1865720527361,5.202743789025684,5.20411729776817,5.190445495584179,5.178918606928003,5.243977182695818,5.201488374395686,5.191294235542953,5.2597926239905854,5.16657360798605,5.203548353953911,5.181262075514384,5.1725108025664515,5.173890504022747,5.182217570801832,5.1780469105692655,5.181459889217509,5.185978937044686,5.188874846248138,5.201347344421043,5.24832403697574,5.194371321888917,5.179155255838108,5.19911274787971,5.208028257413402,5.201514480242638,5.19867830243439,5.177240194196192,5.195331577630194,5.180231753598653,5.2124325930043165,5.217557308269997,5.273978382327632,5.208759315875191,5.202515430299815,5.185797356228489,5.168017269354749,5.202126379576985,5.180236235089066,5.2023740742489055,5.1832232051286296,5.190645830522321,5.186384471319501,5.3077816779608575
5.6579199883128926,5.64458322355872,5.643799842950484,5.6570764991138915,5.628510078417083,5.666783500700765,5.640635279326377,5.648154475258373,5.65674518636127,5.663571039152808,5.644939807576754,5.641849715445408,5.660654660683097,5.654772825097643,5.64880897182281,5.675811545812284,5.623796142909827,5.660952676367847,5.652203116368203,5.638240405415216,5.634572895394959,5.654985528757065,5.649348719127081,5.647523460042624,5.648452972534751,5.655456376626177,5.66579573704184,5.643257872819506,5.653990125712804,5.632125360965008,5.667679260313806,5.65346418507457,5.662223093396547,5.658778845117197,5.640202555784841,5.663244222998077,5.636448881261533,5.658225467071356,5.671756744115771,5.665814539291423,5.665349982493581,5.661751907307851,5.652217964592687,5.623690590899271,5.6652138741556275,5.640376715519647,5.666449552550313,5.64588569679041,5.644160078416922,5.646938740079706,5.667673199191419
24.54077282326692,24.534457024401906,23.7876206819097,24.5093427398133,24.390145625601107,24.477120260206206,24.42407113530322,24.434364001164397,24.49417692757335,24.51318079964159,24.44931477479898,24.37717690173735,23.411872470929428,24.35149930378344,24.27094189186998,23.346095960802852,24.392149382108272,24.558894936212372,24.563900682287883,24.368212590903468,24.372924356967463,24.51565840518704,24.62340128947409,24.342366575307175,24.492682488867437,24.432455487366575,24.574091672610745,23.01754152988321,24.3723824854225,24.1611908099351,24.515484235320233,24.04129021625363,24.40005250837964,24.539832537917725,24.523077596770044,24.60336947325782,24.362136014889856,24.19669786753269,24.39242643211774,22.603273307904907,24.47381714234842,24.427462580218908,24.52736856281674,24.195504778352124,24.51447934704193,24.368042917294634,24.619516160025906,24.3020529537417,24.384187659189212,24.369582634132207,21.89783752845396
31.43303428802759,31.40818935457839,31.058004037846302,31.30655149951622,31.483714205101077,31.338892781007207,31.437880587853833,31.278418933745677,31.49708612194883,31.41114742864662,31.331212197084596,31.29515159211863,31.088055878358322,31.233539146901222,31.32447214593108,31.132367089599057,31.325016741132764,31.349757758950293,31.367180719604082,31.391349738762898,31.465635155425204,31.57145853894649,31.497027361923728,31.50799674145284,31.411302333370944,31.480946005464745,31.447431133799498,30.972557794683166,31.328073074158247,31.345917848029096,31.470068782411776,31.26061068122586,31.405852834080445,31.3669842537704,31.43788298683103,31.559697068990474,31.323348946321005,31.375653136598142,31.306585580348035,31.00317546057707,31.430206710552948,31.45084227459101,31.44101196796653,31.38423924575857,31.502294422021635,31.50509167033183,31.343605664907944,31.437589621852382,31.361606274161552,31.354856321969848,30.61868325536249
3.571337224147545,3.5552659689255957,3.5917669151275415,3.5680514073199694,3.543906389895517,3.5829387311390253,3.5596243897503204,3.569857431132066,3.5789516644977795,3.582315652599768,3.573345177498429,3.56331338723616,3.6346945541113294,3.584677817019008,3.574791121167552,3.6481072179019605,3.5521689830209104,3.58264432598094,3.560982481074253,3.5542540426143527,3.555119158696362,3.555829552658981,3.5546139391011655,3.5595352550641906,3.565161040045075,3.5663689592911654,3.576447213923806,3.6500336976748424,3.5771659982714947,3.5636905669412275,3.57510173620117,3.594925964706297,3.5806346179455284,3.577837781950213,3.5560410431552665,3.568676888911127,3.564372888656126,3.5936797927290436,3.597179288712311,3.66845460410235,3.586490930340833,3.5800558567439187,3.564076232874441,3.553103952219464,3.576487505379462,3.559114544872056,3.5808977260060892,3.5646936996163148,3.572376367182371,3.569117435062523,3.7139275210701106
8.876034923415338,8.84020733181688,8.91990751366733,8.869959268571533,8.812319606451357,8.905364550381526,8.850287337770993,8.873143996364858,8.892232930229948,8.903219953535844,8.878956097361737,8.86059935449174,9.016067278492482,8.905685761124436,8.884765605702622,9.046405338169855,8.830491045024365,8.901300091405627,8.857673368018531,8.84077181783166,8.838253805752643,8.846191745758254,8.839992793895334,8.852160864335255,8.863335700067397,8.869927286402579,8.893567361957992,9.045835773790841,8.892239488333336,8.861292710873073,8.89024994916552,8.927357577091415,8.900634290342001,8.89325059873559,8.841618072455967,8.873373123818173,8.857035837622538,8.923971888709858,8.938260060155201,9.091661457933432,8.910307814388155,8.899227369964558,8.861346570840503,8.83378048323395,8.892085768362694,8.84776010912297,8.900997535848848,8.862355290558034,8.880901603589145,8.871600142246079,9.187643686744279
3.671690685046413,3.658261029606141,3.676381731581518,3.668016682916805,3.6474515167913344,3.679429079040906,3.658813641825353,3.6667546913846483,3.6764563124373315,3.679345611207826,3.669654636650134,3.6607103333822666,3.7028085988373,3.6764573660075635,3.6695320845767103,3.714630295932996,3.6510553177530305,3.679048201637743,3.6622053405204147,3.6540727365898675,3.6560464378643998,3.659886908411882,3.6596060003883606,3.6603420685879975,3.664605681141175,3.666415842644394,3.6747892125551114,3.709236347437475,3.672742114379175,3.6571645273742037,3.6750788289683194,3.6829108546836506,3.6769129204105293,3.6749077903437812,3.6572666904268347,3.671443720720518,3.6615410328987665,3.6841635356907942,3.688201440090757,3.7183216361400007,3.6828328119606493,3.676701597660024,3.6653660465690394,3.6503658490737307,3.6751938878961523,3.659508044211427,3.6787891805937227,3.6637182705717106,3.66707464508014,3.6666430449548253,3.741147647193977
3.5278914490570004,3.5152877941124894,3.5338210970098625,3.523675344354479,3.5057168929677855,3.5368068395248424,3.519181788405454,3.525002047509188,3.534804393284744,3.5377642059328513,3.5284252698210983,3.5210060470452924,3.5657789682764935,3.535269499670581,3.5285324005306222,3.5754622826496276,3.511478242103893,3.5365261339190908,3.521657233384303,3.5149674101309305,3.5148713892178796,3.518956788152414,3.516907171593434,3.5193400077092902,3.5236770857238184,3.526260241927909,3.5353109926796353,3.573816038938081,3.53229064817796,3.521122328067612,3.533347608670797,3.5409860890740052,3.5358359126858634,3.5341936923262476,3.516754649355744,3.5290676425429597,3.5195709438384726,3.5420570219740726,3.5479557067861562,3.5850057149828234,3.539734891373508,3.536258393371264,3.5231799308558207,3.511698942145901,3.53465061237724,3.518330870319996,3.5367814459119824,3.5220383067811993,3.529774571673793,3.52500785703706,3.608747751015973
20.267526308140027,20.2326977890246,19.997476016204658,20.236504100417452,20.165311738734808,20.261274693025797,20.20363775005828,20.209702954044225,20.27180691617153,20.28143432226551,20.22719472101637,20.183725730695357,19.939965069659998,20.199874068352923,20.16867918542084,19.94706324734805,20.164435410963588,20.285353617342807,20.25550166768582,20.173614216611274,20.181541933248187,20.25005095246197,20.274874726680466,20.187410991489454,20.23745340663377,20.233406372780173,20.297483472954063,19.819689764507316,20.21440667809888,20.112083911758756,20.279045089915364,20.116596645825485,20.23900583137647,20.276136109115374,20.231191833741406,20.30409624155698,20.174223141174537,20.178800773685484,20.254590657172542,19.700754723845346,20.273966315192023,20.252150831655577,20.25265840735466,20.104612166113967,20.280900622921017,20.190873461498796,20.30862567720073,20.17570835878211,20.21038089859881,20.196730046823728,19.477937156282874
4.231675787229903,4.223377436882276,4.202833314282481,4.221660666722035,4.220124510530829,4.231312061554059,4.226552205637424,4.220353866924224,4.239010948602273,4.236733099088052,4.225437288070126,4.219247660698543,4.218133077941393,4.222289627494728,4.2229316241321415,4.224526135689912,4.21501734718508,4.232407439103368,4.2265184888534195,4.2213675477528145,4.224385292493877,4.235694280329071,4.230929576668996,4.229458095651535,4.228364637746671,4.233826835586778,4.239329521181562,4.210484984050358,4.227347530782686,4.219987263343435,4.238074971655017,4.222334879663397,4.234011750705503,4.2328090124348305,4.226292913645946,4.241427103391883,4.21813399453724,4.2314742502345,4.235285320469749,4.212942781813377,4.237508924810741,4.237353152128317,4.230036878457578,4.21605186479034,4.240647885527349,4.228502342140577,4.233873335879593,4.226095464027933,4.228726925307766,4.2239196639269565,4.193019221077031
5.10551055785392,5.092365318175728,5.086328022780232,5.095140321168315,5.085022487076089,5.109750701777557,5.097026870031523,5.095179860117967,5.115241322552735,5.114796805313545,5.101420565747537,5.09225650801462,5.115112459314655,5.102091447291085,5.099135479302742,5.125003192672384,5.084427231064746,5.110797951508269,5.097962484640265,5.090600388252621,5.093351525788792,5.103512534467449,5.099082865090678,5.099152310965703,5.100766391628039,5.10618591606052,5.11514009298087,5.114578837497661,5.104602168083175,5.09307296708804,5.113095656647594,5.1055350712718095,5.111499374393829,5.109808771882982,5.095562640080581,5.113624030569163,5.090938562708234,5.113181654704758,5.11880797087734,5.120851954722847,5.1165036202241945,5.114394550689707,5.101729340914462,5.085214523679688,5.115888591389415,5.098240463624681,5.1118337585820255,5.098211074963115,5.1045560061909,5.098126811930777,5.1178403412038564
2.8646554615373208,2.8559141966223773,2.8602857850253116,2.860010057874802,2.849435630392425,2.8697034161505646,2.8589054556266897,2.8609061241914766,2.8703741290757976,2.871740288970953,2.864252070348722,2.858553619906588,2.880922769300051,2.8669661238418773,2.8629398405338358,2.886950455468946,2.852546683021461,2.870247600645723,2.860668045485488,2.855341302042429,2.855729129243929,2.860255725539072,2.8586007850015362,2.8588383783918925,2.8619331416218547,2.8642226161640805,2.871119737039971,2.883741544785909,2.8665225657367803,2.8585374836218502,2.869132623690344,2.8692009164924617,2.869652774740957,2.869176403873246,2.857711560086976,2.867524676739926,2.8571620204940524,2.871966983985772,2.8770308059928587,2.888184857436224,2.872609181126658,2.8707373083264973,2.8618360422266105,2.8520970549778655,2.8705514391339193,2.858344642513256,2.8709075422733648,2.859738503207252,2.8659551907864875,2.8614101397669094,2.895660260190015
6.495838887811146,6.486476950658387,6.381708664396458,6.487865293040167,6.456740376425138,6.491832475793202,6.4691190505485485,6.475817585776431,6.4920644791270155,6.498325876039625,6.481049083424535,6.464796407839785,6.3360471707918435,6.467594058990377,6.4532487210222556,6.333064358106453,6.459892278850664,6.503145022163321,6.494842650440445,6.458806306672093,6.4609352638238775,6.485261324692771,6.501857813725481,6.45892041218953,6.484115340285439,6.478005168927909,6.504289021036537,6.282752436262241,6.4728079977069495,6.4286035855159955,6.496450648371441,6.42614637230456,6.479296383919442,6.4989239020750915,6.483397891683759,6.5070282335827585,6.460701685274376,6.449898121090692,6.484036891724171,6.216232998215676,6.493481756374447,6.48339303781458,6.4905626382198776,6.429105066437346,6.495069017829179,6.4616969220030445,6.513796966868271,6.45566319997814,6.470237820936235,6.467231222294103,6.114622962639763
3.1576103728124356,3.146044165400884,3.1591004356672685,3.1539448739317293,3.1362511590987836,3.1640117967133476,3.1462127512359306,3.1532382950410227,3.1620474216595107,3.164566716622624,3.1565408817380356,3.1479907787238783,3.179910961671958,3.161185688205499,3.154986076623885,3.189284592120163,3.1403650032009214,3.16450625407476,3.1495329877603,3.1418209139436626,3.144027651593901,3.146533359425483,3.1474768750346547,3.1467056675132143,3.1515297314227495,3.1525285560467995,3.160283028714421,3.186000009764309,3.1584591475327484,3.1441650682875784,3.160152548350111,3.1659819990593645,3.1617084841593845,3.160865210952651,3.145344459301355,3.157443092840004,3.1487975330163422,3.167411373207001,3.171432408402195,3.1888265979048445,3.167314170778391,3.1616920787756926,3.152166484921776,3.1385312856218075,3.1602809540385457,3.146629169835453,3.164337461142846,3.1500115018771817,3.1539341587538163,3.153047597485575,3.205434529532818
2.6591150102436956,2.6527210255647033,2.6454370882660285,2.65469128065384,2.6471292768648764,2.6612587539549803,2.6530417987760715,2.6535317881892926,2.66250130438146,2.663369650662145,2.6561604571314805,2.651528168159219,2.6541963008806686,2.6559914376830003,2.653977149353576,2.65879633423923,2.6470295248183757,2.661776334022006,2.655820730923751,2.6500753599088025,2.651176681436801,2.6572135685218767,2.6563477319960977,2.6539177093170983,2.655968468305924,2.6582737875180213,2.6635644900325777,2.651059861908961,2.657647340885478,2.6490086084088897,2.6627598823694036,2.65557789250824,2.6609738089409194,2.6610686728953445,2.6532394137553346,2.6630706766559418,2.6503257385425574,2.6597070426630927,2.6645312371058454,2.649712062633298,2.6638419629739567,2.6621714137804116,2.657016442170578,2.6455694358404993,2.663312756432823,2.6532691780235385,2.663191051178957,2.6536284621968216,2.65654117105802,2.6542851160567955,2.642979597259765
5.241850670761581,5.229127127763504,5.227447071321107,5.232231829100116,5.222323142121698,5.247021215546033,5.233325832454142,5.231534298049492,5.250703536042334,5.251345824387385,5.236838864960226,5.229780741819585,5.255005756531586,5.2377485682915195,5.23716500090821,5.266083995205507,5.220086727650235,5.245685950310946,5.235082123736822,5.228621132822743,5.230698612468215,5.241813483088812,5.235654453650108,5.238152552862608,5.237036981647183,5.244755976567591,5.251649451970371,5.2560425641624136,5.242468532173334,5.231142736596527,5.251417957161994,5.2444096412141565,5.249505882400819,5.245664948636444,5.231118026930361,5.250677727199305,5.226875628858563,5.2503514843647,5.255569310770564,5.264871262273736,5.252919105081572,5.251912956002777,5.238597189566301,5.223059118961557,5.252942726184404,5.235611468998584,5.247610407107906,5.2372371972290255,5.240783191810319,5.235665573341569,5.262299034829626
16.613731184046813,16.543331552312434,16.64790539988991,16.61925053777564,16.490229338298736,16.56686856186866,16.374465882570185,16.48548097903138,16.52239422440757,16.519953456861202,16.47652471996565,16.38736024969446,16.416560614550672,16.465803294588923,16.495218821267862,16.573842018723745,16.35777972818559,16.537302626588744,16.41040360914847,16.352764116464886,16.48702418223093,16.45895234333035,16.530636608517586,16.493412503723523,16.44687625832801,16.44472468634767,16.377666795841147,16.43796395606772,16.465831267030776,16.218716136231116,16.531116255898368,16.608947266407693,16.50857786954491,16.44508196563487,16.401820650866842,16.55075965369666,16.506031218514565,16.595512920890357,16.456293064501892,16.338926312355184,16.614565976894283,16.472758601183543,16.522025350066663,16.352270966527637,16.45673080394734,16.49231416550958,16.50610674448017,16.5452495321375,16.272228118849917,16.516349081551297,16.352376343702925
3.811504688681497,3.799693974598095,3.801380548612307,3.8095626090021377,3.789618191127698,3.8048476814139134,3.7754840473903064,3.789607503670618,3.799886787336015,3.8000374081667156,3.7896501441515063,3.77576011939005,3.7675166092858303,3.7858991912303885,3.790323956713994,3.7904676734856144,3.769720611142071,3.8009329176049858,3.7830192237555966,3.7713866811289187,3.7904131594061496,3.7915596793934943,3.8010037573932025,3.7928610685520274,3.7870093030659975,3.7885750257543322,3.7816830273257156,3.7648805452298135,3.789000281637313,3.7499598623542054,3.802650537752999,3.8034015886702144,3.796889106270164,3.7886580947174946,3.7801398557755537,3.806579530104932,3.7905591325959533,3.804901373856574,3.7893970018845184,3.746143608164136,3.812551392084302,3.7929127001644987,3.798565404080309,3.76751614778617,3.792266653268057,3.7920121427476854,3.7984129850197514,3.798888811862254,3.761930518256602,3.7946029709131097,3.7333492472282033
4.85980716033766,4.8466499703148624,4.881422111139641,4.8579433956050355,4.8420348082245575,4.860274556388717,4.8300639689879725,4.840344801482517,4.851799854673477,4.854212304346225,4.838358443275861,4.832873689324789,4.872322546527931,4.840195650228483,4.852811780048022,4.901683280775866,4.818139096129978,4.846844522310434,4.83466157674573,4.83134312965309,4.845616836151903,4.850755108703414,4.847072924833759,4.857127784448332,4.838567495445511,4.851365228718555,4.837852815898896,4.883931887856501,4.84942207977062,4.820193801423719,4.862367526512175,4.875210526287013,4.858903601932419,4.839800773874354,4.827911046521091,4.859378195089028,4.840389937292604,4.869762940165548,4.85129408355308,4.896473462013736,4.866378855923402,4.854296706632774,4.849602804539872,4.830374039852028,4.850906730894933,4.849557671726484,4.846070101797022,4.862184308331776,4.821046963575605,4.851253460482826,4.907854825010033
12.20238949959853,12.169892442782501,12.141915504705873,12.195431578584497,12.132308882956885,12.19017159572033,12.107706071174148,12.145105736197943,12.174621645867358,12.181173548320286,12.14697644344584,12.110594741098684,12.04941707836053,12.134241856891107,12.14024758669574,12.103039925290657,12.089531503729926,12.182268530988743,12.138750025568914,12.09653187417434,12.138783711646749,12.152852980046767,12.179062176112346,12.146280247630477,12.141529433075723,12.146510968362936,12.141192081938536,12.027513226810402,12.147003267495261,12.03723858899854,12.187392944779491,12.162617128697812,12.167609592142473,12.154124951802956,12.122676476010005,12.196962820371624,12.138398741542318,12.172495967941451,12.154007648413135,11.958878461692713,12.206931208378533,12.15943752164539,12.171005622418573,12.074037859026326,12.161112905663138,12.142839837344612,12.183095042820034,12.16010729794975,12.081532126858718,12.154372603706745,11.892838840855005
10.455412289861105,10.427651901916485,10.427907497728773,10.44424244640119,10.408657199624475,10.447040007720604,10.390238883678384,10.409553077680517,10.442270027301333,10.442632339038187,10.413304507470572,10.387335223089018,10.388210533700425,10.40559191627723,10.417317184836087,10.435470518502571,10.369604610129233,10.43718880321724,10.403528496490186,10.381599865058929,10.415336637780701,10.427044661587829,10.43553939478655,10.426641835395412,10.411264790033053,10.422919407313964,10.41276769359655,10.385179781263744,10.41863985168218,10.347052316357171,10.450000345023723,10.443604226990708,10.437735683165732,10.418376679445682,10.39567611563847,10.456251059078463,10.408595295727572,10.44995340941969,10.425756480019325,10.361657561960739,10.464522614370786,10.433002609331554,10.4327002021262,10.371440138403472,10.432810910930973,10.42177076022353,10.43519733370265,10.434985004832656,10.371419541377277,10.423544085466418,10.331371759238111
10.437760059657613,10.408147608250589,10.440817397498119,10.428042803076442,10.391945277595928,10.435816621102363,10.37748422907106,10.396997113066856,10.427884741052544,10.42967808535408,10.399405424227531,10.377492442581291,10.425863588150523,10.39886341174816,10.411871883094387,10.47689380864889,10.354810986695787,10.421324167577325,10.387360253269469,10.371334014377705,10.401290415351506,10.411854031034274,10.413258653196236,10.416896637683628,10.396391616955132,10.41238693713688,10.399961038424381,10.436437961941966,10.410759343261931,10.347023433596542,10.437473865660067,10.44783372463541,10.429600706476531,10.404460783024795,10.377942577490726,10.437922204820666,10.395631072551442,10.44821447756574,10.421731654642976,10.4376672099755,10.451919995502259,10.42400439306646,10.415820851765911,10.365101990774816,10.420810573943951,10.409100996623074,10.41873806454115,10.426106499166453,10.363783715556883,10.412804650494422,10.43989997693633
17.880234893093284,17.830233518668365,17.77287303177917,17.866416965810963,17.768902603756114,17.86878405935399,17.75380906219952,17.80598284487564,17.851767482717968,17.86167084413702,17.814033970908547,17.756329761098378,17.670239737277576,17.79884416035291,17.791649207915746,17.736027703289672,17.72832937443016,17.868035456321973,17.7986552668162,17.731468373164283,17.783958952159086,17.805527585322235,17.845927603176424,17.790036383569685,17.801831612805792,17.80139269092917,17.812899424083525,17.63361766259326,17.80818577482726,17.656329260837325,17.86054617671093,17.817659257079804,17.835305671588632,17.829228960349482,17.7760928628488,17.87435413721878,17.79113359947044,17.8391661701471,17.831603686596477,17.529811555028243,17.892453885799952,17.827546360876628,17.836941967146114,17.69513721980471,17.83189319878537,17.790302979618566,17.870066019117807,17.80865300816876,17.73086446370602,17.811342487939957,17.439320220652768
10.379949424812065,10.346235021481169,10.420116166860554,10.374351842540854,10.326236319116537,10.389168246750494,10.3208439176803,10.347952225263723,10.372646394421981,10.379888478385347,10.348953040683377,10.32917286282595,10.43117727839906,10.358516983463058,10.367404888540506,10.48560462212734,10.298884132393479,10.370877480069096,10.33200551281267,10.317179643498275,10.341417046703288,10.348300715027163,10.34679997815514,10.359674095176747,10.340610303421435,10.358274493955191,10.348342515574219,10.45928880628614,10.366183530239317,10.304168660549562,10.384322515365561,10.416175918004532,10.382758889284137,10.354585684154753,10.3169583265205,10.375820501609192,10.342789250971938,10.408183243689493,10.38517516572522,10.47812426348049,10.401771548562007,10.375139172062767,10.35724034292612,10.312925785003099,10.36719488481068,10.349582855246753,10.368552433126919,10.37309418261454,10.317822940160939,10.362469484204576,10.523339735983669
12.960079982260545,12.939457044569924,12.768717121855945,12.946473512830826,12.889621607922228,12.937895693218232,12.87692633541639,12.899884572275646,12.934228166283393,12.941912028801529,12.906738160822192,12.869628518969998,12.625564802783188,12.872387366271365,12.866849277269637,12.646089740619546,12.860374147308335,12.947970808224856,12.924499799140547,12.860325796859836,12.891097237521624,12.92659306031004,12.96460714519287,12.888851819747288,12.911926859053274,12.906542496709008,12.926874567193483,12.539949006066706,12.892811449306627,12.780645684319659,12.947704487286163,12.834842672841988,12.911185602126245,12.928265014911242,12.90610023189436,12.972301085996198,12.883076185253389,12.87117140392162,12.895574176445956,12.399528115427938,12.949915985103152,12.911874890591324,12.938976321566834,12.813052133381804,12.92911116823076,12.891584691154508,12.961460638362771,12.890334972019081,12.852685421506935,12.896998348793257,12.201685148272759
12.265080357266058,12.232034091372794,12.212709599695286,12.251310987754648,12.200116422469382,12.263868931574612,12.199329190130516,12.222359849071157,12.258404932120216,12.263450560972283,12.230197453614853,12.198647092167707,12.186173493791557,12.223567605486537,12.22261574230998,12.227223504671908,12.177674777394007,12.260679192465656,12.220484514257896,12.186459628543775,12.213779901724463,12.230503757515086,12.243556999288248,12.222873073712396,12.224245417326035,12.231697583462797,12.239029799234423,12.175716777379646,12.233292079547196,12.154466569732385,12.263726122698305,12.243507987371721,12.251298798268328,12.242732272278682,12.207000165667264,12.268738791261633,12.213065696408668,12.255804535733649,12.252577119640021,12.135800873866753,12.27993982692601,12.248956412533705,12.242346478647061,12.167338829065901,12.250448077649015,12.220375589582765,12.26259261859923,12.231733117185732,12.19400597067353,12.229934082770745,12.096382373971323
4.8009637474951825,4.78377238054439,4.810135531965032,4.79413317022576,4.774423740140903,4.806867830427824,4.7818452104392986,4.790028299317776,4.8062764980100185,4.807153508727771,4.794838907872604,4.782171982432532,4.8376701467588115,4.799995694137235,4.797039895633785,4.856672392573591,4.771769162153598,4.804984682965129,4.782851079609101,4.775836447560126,4.784160565763487,4.786402864831139,4.785606603644721,4.789571036391985,4.788765976683911,4.793132795796571,4.797218532464546,4.851207086118587,4.798727212236701,4.777851437611457,4.80345530081431,4.817398409417215,4.805440494544102,4.79858599865633,4.779518955305179,4.80083875285287,4.787387542463743,4.8183188316547705,4.813893359077525,4.860889909425437,4.814598218231339,4.804853896571858,4.791889705886516,4.774787668340103,4.8020554792558245,4.788655432753303,4.802671206690282,4.794410425484952,4.787669143153434,4.793944094800632,4.886894519146701
14.276434255178053,14.23486771676691,14.305896337592676,14.26246110160344,14.208586406628305,14.299744517812252,14.229502225927769,14.24908127898667,14.286679631181624,14.29829409974644,14.2560731090886,14.23741619425404,14.369699491187163,14.269972779369654,14.27267361740722,14.420555721597475,14.196968939489292,14.282334207472504,14.242639105159789,14.223946102466485,14.235294860392896,14.255154019817653,14.242119231689832,14.260415645202118,14.248076302433018,14.273372151400777,14.279675918398606,14.400895821451691,14.281502580259069,14.227940258850609,14.299803119776493,14.320726238776103,14.299822622909577,14.274697565320885,14.220560183934412,14.285556101100465,14.23436291223072,14.317575181652002,14.317707085139517,14.435241505418551,14.311879492191562,14.297192886887425,14.258568835695776,14.21254878036418,14.290321767608535,14.247381460234452,14.286150837383241,14.270220869376883,14.24859982039684,14.263302494670967,14.484879775502122
5.646442007529329,5.626012781499919,5.666286077999109,5.639377025176051,5.614160654803285,5.657586340267292,5.627001886129225,5.63736409954691,5.6544677171518956,5.657823004773813,5.642818384916435,5.630191029340337,5.70712119846252,5.651123900100031,5.647037164370056,5.728460932134221,5.6153460056923326,5.6539988480825825,5.6291880426235945,5.621526936665048,5.627707237713035,5.630409760402065,5.627477402335136,5.6351761784888135,5.634801514870876,5.641445281664042,5.6475935663696255,5.727917786559777,5.650126142516679,5.628372784841706,5.652953498037047,5.6727250147308155,5.6568628498464335,5.648419849298965,5.62269831427878,5.646758024199117,5.632352907427241,5.6713644493284185,5.669898149676183,5.743375451950905,5.664816239530895,5.656041480578632,5.637061903026458,5.620102951623095,5.65154464561606,5.632900420681896,5.652560277539163,5.641453225588105,5.638741519645372,5.641687795078586,5.782573951349209
20.64266870575286,20.54031289046058,20.808799550813198,20.62921840344018,20.450696115202792,20.739194649654866,20.574049504579868,20.658905874096696,20.69750487630253,20.73706148281167,20.686799508558654,20.623875034028142,21.088278406075187,20.759946712946896,20.684969544815544,21.157038519145257,20.546898860291506,20.740370822878713,20.599286946384805,20.54666853365157,20.53831867131712,20.524421314126936,20.52992497103578,20.554973118887734,20.615409844706857,20.617754533400824,20.696944851487956,21.224907029376475,20.714444854750603,20.62440220759151,20.67482269940188,20.820329706700356,20.721268382800332,20.715466596254295,20.55063540117777,20.61840035744623,20.612331605450567,20.796720543285428,20.84751112430525,21.28903850632802,20.751684339426053,20.71523583374717,20.600727066554963,20.537188481484396,20.68127987796017,20.555228158089722,20.736421233606027,20.601979051285916,20.690628463703796,20.646442724130644,21.604990050719355
41.09208634924024,40.85692855372221,41.53523524538424,41.0864895523405,40.639865529379144,41.30473904325174,40.89103070701178,41.12935341670152,41.18203923530367,41.27632268025334,41.17977657227273,41.02284120800455,42.10258277893606,41.358929061342494,41.177401891609385,42.278209805435175,40.851673317779294,41.30610121256188,40.95709906888363,40.82882114448596,40.830850636639205,40.76683131182852,40.812145870966496,40.85538005365728,40.99948158215451,40.982047069414875,41.14833633922643,42.42695082148738,41.22884313185316,40.98067225595953,41.12600824649644,41.51310491137674,41.23851133802323,41.22271602970595,40.84644911741416,40.99488327963439,41.029767448958594,41.4405612275664,41.524245690764666,42.55044692532681,41.32961040861252,41.2098045027283,40.97576539871855,40.81645919072483,41.12306438010491,40.862367826801666,41.28431255600573,40.982393680246695,41.1325596753213,41.091395576462,43.337471074401314
5.228362635566153,5.203809001553348,5.252406371951288,5.224311940557701,5.1793963483718715,5.249699932275129,5.209374770796934,5.230302875728608,5.240709761219349,5.250232994531171,5.2379035784914025,5.220401840708443,5.310464503254617,5.252742488178037,5.232658536550126,5.324946659098393,5.203403705248507,5.252596255026988,5.217965600685653,5.2012454659585465,5.200108608352011,5.198078641169624,5.202911596211364,5.202208837916225,5.220785332902152,5.219071845997061,5.241112413082553,5.336315980459156,5.2418310261084535,5.215646602697832,5.23438730899174,5.260536411555336,5.243568775474776,5.245782350723091,5.206143056325299,5.223102036675794,5.218200665735218,5.258099552612268,5.27373077640022,5.3397367471794555,5.253068941239525,5.242702794655569,5.217827279766064,5.196086187706385,5.2360640106450616,5.203673726359995,5.252391142837466,5.213186534180639,5.236631563082563,5.225760493839761,5.400925508669017
9.259945554743254,9.213018349166905,9.368627992410936,9.269890374877606,9.156361356212276,9.318259665121333,9.21669729307147,9.27644678278293,9.271046238692197,9.305716273109896,9.278268167073582,9.258920935882086,9.478305195264982,9.323488091740753,9.285553870858868,9.514204230204173,9.207000147925982,9.30760532310921,9.24777933518557,9.214057899330124,9.199299966627727,9.196900469946591,9.2019992445634,9.212954658600736,9.24347352749952,9.2472114424885,9.284993556158302,9.540698929214557,9.302150971071276,9.244470632077565,9.280549521643655,9.35259923473687,9.301467264728347,9.29640405315087,9.206101836420052,9.241300929832406,9.242740261275559,9.32845260296337,9.366414140558298,9.572420401456803,9.309986650510368,9.29207311376594,9.239202360376055,9.19948401337731,9.273011304450131,9.204681092879248,9.313700910521042,9.240447075805156,9.275958366121051,9.265300122599589,9.738210359355838
6.217402645669019,6.191801581343587,6.237876255480306,6.2103473573713055,6.16979941176141,6.237457010922391,6.198351352102156,6.2154626919536415,6.231402857055398,6.239374788244123,6.224077548870858,6.206685007075723,6.298748233166966,6.23708772966762,6.220904473950214,6.315950083330208,6.18886742657897,6.2388715428535555,6.20514262711805,6.190035509531766,6.1906252173180585,6.191394221802097,6.1928329502194,6.195088347692538,6.209059481310394,6.2109212502144775,6.2306054483482995,6.324781547088444,6.229851697527624,6.204329169207427,6.225867270446448,6.24930291664635,6.233776683412409,6.232978541071205,6.194183187485639,6.215643878232005,6.2043887336177495,6.248240728893716,6.261115613750349,6.332265666436492,6.242969839788037,6.2336828256119485,6.207144171177563,6.185197490362586,6.22761667914275,6.195394398847071,6.238759130743216,6.20463552631588,6.22421235783207,6.213982143398076,6.387532304759073
7.102484159433015,7.071995283915275,7.13678857643985,7.095559108811606,7.046433746785324,7.127407138278936,7.079591866359655,7.101389324692207,7.11826282570785,7.128294586011218,7.110586428657054,7.090946499362499,7.211172477616538,7.127967557341714,7.109308814784067,7.2331336164393,7.068731357549053,7.127543842622224,7.087232803076126,7.070709084944329,7.071215354560787,7.070783008927899,7.071762069207266,7.077214201689329,7.092198483274522,7.094956038318211,7.116650956328198,7.245734560184953,7.118664453423671,7.088950043240685,7.112508866110922,7.1460560989175335,7.123010673585788,7.120269376129538,7.0737420411413865,7.098854663664644,7.088474811793403,7.14243437101592,7.15575833837027,7.259688328203943,7.133304809162652,7.122070020588315,7.089950165969855,7.066265978018768,7.113808744350455,7.076865886231845,7.126956981671199,7.089383423734075,7.110271912308576,7.099948202912349,7.334571690994828
7.597131120728761,7.560729139200729,7.637423656030265,7.593852549082889,7.524374228406263,7.627327488133879,7.564472855937853,7.598099464598123,7.610768753575793,7.624863347961627,7.606248052197143,7.580968859880237,7.7171261807971865,7.630703765539737,7.601565897695779,7.742535491732861,7.554548384043422,7.629452413561616,7.577785843318963,7.552988300188637,7.552722744945207,7.550740986929315,7.558010412072846,7.557552050072386,7.582214872068535,7.5795655795962595,7.609374913371201,7.751404010213385,7.612511300677111,7.5702629764899845,7.603599776127785,7.644449636172549,7.61623588960864,7.617192031451003,7.560067473457924,7.586824941975003,7.580544722378747,7.639811594266322,7.659021905044677,7.763934904376373,7.631504690377078,7.613483645609142,7.579643582723035,7.545075578782784,7.60404609577592,7.558470967742637,7.628426940870716,7.573828535818656,7.59955936475566,7.591190898177034,7.8591860853812765
3.408086266480592,3.3935068606361787,3.42029434835557,3.4052202052523026,3.3801385012355665,3.4183959150643806,3.393710748270103,3.405722426376623,3.4134431655076662,3.4182258216718937,3.409819113632219,3.3991764632415533,3.4476307029586657,3.4169702496698964,3.408068268361531,3.4589062033168703,3.389110601466717,3.4187919261837956,3.3986779478218656,3.3891109575819285,3.391187219331998,3.390713853963915,3.3934385962429023,3.3932804157158536,3.4009196959094066,3.4012304398845106,3.411095719093594,3.461644733595958,3.412510539045313,3.394280989324137,3.4108463496284314,3.4249122290673797,3.414838353379601,3.4139558031880406,3.392191731964192,3.4053725060002407,3.3997491930892556,3.4237180908374025,3.429105030620306,3.4628074779421074,3.4214994964856014,3.413953007300504,3.4010303514880023,3.386211527823895,3.410327699976149,3.393523779186772,3.4183712701298554,3.3995843878241825,3.4061102565027186,3.404776941553678,3.493324021045554
3.269347951816648,3.2583921171584063,3.2666145477555593,3.2655305610946157,3.2472611438085983,3.27710730022888,3.2596561156827297,3.266313281526922,3.2747115928765074,3.2786185436028674,3.270130032031611,3.2624525115061678,3.286764154404368,3.273790233616283,3.267068521705775,3.293628449981969,3.254277283368572,3.2779768898105397,3.2648719193985496,3.255839559394606,3.2559725111424482,3.2595555533923637,3.260622387623703,3.2583701752553624,3.2651371840062655,3.2664444366053647,3.27617608103623,3.292004904250706,3.272598007982176,3.258756915851565,3.2739140464455394,3.2755825112734263,3.2750730142520683,3.2758585712955455,3.2590365388327434,3.27066356905761,3.2603358708655,3.2773257119798,3.285776136796972,3.289891311298773,3.2793783184162617,3.275510792684243,3.2651674878227688,3.25086411916645,3.2742992226097343,3.2581191964551435,3.2793781155267827,3.2614763367938524,3.2700478349326034,3.265541104688368,3.3007231070837317
18.207260713284995,18.13741571071465,18.318995594600484,18.18307668503775,18.103794926647186,18.260017103309274,18.166986793438838,18.194842063492846,18.250237907866087,18.26322736601903,18.214452747225234,18.18070273257463,18.524935868385597,18.255724536001726,18.237481280093235,18.591133740412996,18.125632191434256,18.245905647648804,18.16489682000626,18.15114603671741,18.156621750589206,18.164137718110997,18.139164065031565,18.18649715998264,18.18507394951226,18.212292128795795,18.238887091921754,18.618557873469125,18.247321634257723,18.203888311162412,18.242631370429955,18.333786389119435,18.266448571631873,18.235790958236784,18.142371315450838,18.21122576965971,18.175489746676735,18.322314294827827,18.325637992442285,18.716172975328423,18.280617750060795,18.265809208295572,18.182409568256602,18.15331509542934,18.246563172387237,18.17643374805276,18.24109502998107,18.20621768939041,18.226325192951965,18.208836122671624,18.906912117425993
5.1587640069193474,5.185976263297624,4.793980489099193,5.136596937593954,5.156122671035577,5.116161929114737,5.158316819339787,5.122741939792825,5.149300689476784,5.147449857025315,5.135296085100867,5.125726501749941,4.603649229954356,5.064564579539343,5.0535812351663125,4.5384493220600755,5.156022523015498,5.1557222913450955,5.2044710339566835,5.143623014756265,5.136976428854261,5.196503099177973,5.231936067153523,5.115265272654338,5.1684928149142975,5.149031608368815,5.196113013978589,4.429343937606056,5.099474389093698,5.062576569966595,5.157803326466233,4.9157318272526425,5.103188993318649,5.169367352491189,5.200355742178659,5.206534463372606,5.103645411508078,4.98781480593955,5.073774929170845,4.218356513744801,5.113600596955187,5.12337669244621,5.176981013104977,5.07790298131858,5.165566242648702,5.12862830729404,5.1867838834897775,5.084418253731011,5.138309998861022,5.102982985905672,3.8261689557394742
7.73023462425236,7.766827503660184,7.218316277634936,7.699442514723048,7.722559042377279,7.672917835876282,7.729653509420869,7.680651781774342,7.71794282108833,7.716526788140735,7.697816171049399,7.684426574284513,6.9586159470011,7.601281125889527,7.583231578922605,6.867547931856308,7.724629393024818,7.728375099789414,7.795590882173605,7.708581459922463,7.696928011115494,7.782905853765129,7.831557014535784,7.667882714164787,7.744407334647053,7.71720901962955,7.786417852704343,6.712048449770286,7.648534441805398,7.596264649994756,7.730578949478199,7.390179222514887,7.654141717798161,7.747725634572954,7.78820932334509,7.797665724070561,7.651731944312857,7.491844269730443,7.616274846328256,6.421519646918177,7.668382933994558,7.682641100654333,7.755590090784421,7.614524557008474,7.742243035258862,7.685984153383753,7.772715837740833,7.624236286033771,7.703928471817646,7.651649469502972,5.876008315991192
5.120044296294689,5.132050491007688,4.889235771033782,5.103411961677149,5.109318183828407,5.097217540800431,5.1169051888286985,5.095489660962208,5.117714263580085,5.118159746833851,5.105229515378296,5.096897087027602,4.7824409625381215,5.062365196964928,5.053908703117979,4.745048122629049,5.111245632949717,5.121461580905702,5.1476717719868414,5.106349437283026,5.1014912194812805,5.142472440182126,5.162762019095222,5.090508705856017,5.12508644125645,5.115466456950662,5.148956415291078,4.6752462493751725,5.085412258990784,5.057835335492957,5.123764382407019,4.970925290597634,5.089579227530324,5.130293780702573,5.142217190221481,5.15267541875685,5.0806161186666845,5.017306526414503,5.075433738766449,4.545784832240413,5.096810762031023,5.102904195935663,5.130382585556072,5.062604121373172,5.129157571884826,5.097818277916755,5.142171474033233,5.071556360019762,5.109476682057121,5.083813896396338,4.302934082769238
6.306747937005436,6.324705420267912,6.022075948144513,6.288747797942763,6.297102929835539,6.279397079683799,6.304181257787006,6.276898584822126,6.3005324596191175,6.30377150525304,6.285929485709735,6.281537866413489,5.880450843772287,6.232442720317254,6.2262284455340176,5.833615540747071,6.296246044993023,6.305113930054526,6.345696491171344,6.295133532306086,6.2859048792589824,6.340850281546901,6.363010533405885,6.27540849372576,6.314050204337359,6.305997316361787,6.344370525983318,5.743782715611884,6.265692325428525,6.232655065806201,6.315379408182594,6.119875391928222,6.270712383577738,6.318880433090108,6.335198085967921,6.349449691302658,6.256694308399529,6.175237438269844,6.249723012586708,5.585620863142837,6.275512155684429,6.286487807545846,6.321786605638689,6.238360637090292,6.319552458076053,6.280968384142588,6.333864663402223,6.250607186478714,6.293572449795544,6.263459433880721,5.2757125702265615
6.647062141216802,6.666607907165945,6.3463767265946185,6.633451854574323,6.631019608186808,6.619165889285835,6.635136684549002,6.614688300585764,6.632300836646237,6.640720776844773,6.620488099060202,6.61696063955041,6.1743812050115,6.564448075331246,6.557652385712432,6.12700626340391,6.628658006095302,6.643429446507325,6.687518397422464,6.628255973375447,6.618385246388197,6.677640314322728,6.7056962257006685,6.60774065605561,6.649898292727618,6.640839676603224,6.680587875898868,6.024708462234049,6.600574946230322,6.5538265471446575,6.654810689106503,6.444312430827865,6.605154467613232,6.656143025893596,6.6703850668879205,6.688939410942749,6.5899785016077566,6.499992261382705,6.581748994396811,5.8466285920884475,6.611279462115225,6.619204823421111,6.66108563535996,6.563475108771823,6.653883430980545,6.611657821785375,6.676366474215104,6.583879635518991,6.621444142414637,6.598703295849425,5.51202438542203
7.527968511955208,7.547246520333291,7.186954188015712,7.499776569454111,7.524337626677234,7.4885600038979305,7.530053778520179,7.487681913111706,7.52708399038749,7.520609388166228,7.501553816647483,7.4915424322481154,7.0412535313395646,7.438481978893289,7.431567063687655,6.9886729344778935,7.51610660042558,7.523210622024182,7.565387519961359,7.513273732757845,7.508365927589654,7.572104178019266,7.593884068765603,7.495717952165807,7.536732524898681,7.525777859044775,7.568998738088506,6.879206135880974,7.472477549851012,7.443830898133285,7.533430815409779,7.308505949454062,7.482203715485177,7.537227582572257,7.564954839804979,7.57979211271163,7.4712492144325395,7.380113913193715,7.455326661877201,6.713085310960306,7.491485378328983,7.503512383826292,7.54450813557356,7.453546574126981,7.544522502195826,7.505703890441839,7.550675202381033,7.462618137962739,7.511266434838998,7.47435990106684,6.356592511111314
3.287221905044084,3.291986584835658,3.162827673879026,3.278214444004173,3.2771882583932452,3.2765975140621935,3.283308676375667,3.2737206611440848,3.2861938597813136,3.287767061917828,3.2792611970292764,3.2737887894375994,3.1067891071921636,3.2568587476162083,3.251137923680531,3.087768974350255,3.2796567763493947,3.289465323716386,3.301717167964985,3.2773897595498984,3.274495176727182,3.2972593810538915,3.3087459722639463,3.2690233463657945,3.289026664698106,3.2840937898742224,3.303800535206255,3.0497288501737136,3.2693031141365925,3.2512089449325114,3.29012623767456,3.20773038968992,3.2717503829868217,3.293884780231105,3.29701047592152,3.3047778814339166,3.2642357771237327,3.2325710671653733,3.2659730686639854,2.9784064081197372,3.2762297346104683,3.278753941539562,3.292065819886715,3.252479887494391,3.292588139903328,3.27267001716858,3.3012445941228004,3.2596045682560586,3.281197578854663,3.2670946583110867,2.848863955096639
7.916101797254345,7.9340457510858045,7.597557630703528,7.891537994105419,7.9074616685024885,7.88322252609823,7.913614872306713,7.8783865217895155,7.912577408768034,7.912466099555202,7.890727587898702,7.883865424494413,7.448331316353366,7.829482947671124,7.825975434828256,7.399742133158911,7.901281067689142,7.911756579433922,7.954842171216669,7.90174078119666,7.895190178268855,7.957001404800737,7.978364361114123,7.884928210043619,7.923155329682911,7.916766412269423,7.95681896903352,7.2992330945373824,7.86842051020979,7.833800833921079,7.926348058020068,7.710368880841157,7.8765818876596025,7.926927988790096,7.946786277667135,7.966373574285023,7.858820192605086,7.774042011231558,7.850729974461899,7.129765596499538,7.883075874615073,7.895294756070571,7.932341555636855,7.841307324108017,7.932346834075409,7.891319823976538,7.941891278714982,7.856069860838698,7.8999354460400895,7.8669559403309,6.784580833132851
14.58320077169481,14.544609417272124,14.408707007591893,14.55946820807874,14.475797783360637,14.596218733223656,14.533232771291905,14.557653363918744,14.600621983125897,14.615077175681172,14.581759795004059,14.532357629330688,14.409345896694454,14.569519116510673,14.520595361523771,14.407572315469402,14.517730429776176,14.627875838363625,14.5759669607726,14.503198362820399,14.505634132116935,14.535191220920792,14.57030353020991,14.4958652466734,14.565095173566547,14.547041141070194,14.618907877899451,14.355783069726737,14.563981990873241,14.478201212085724,14.587555770703748,14.500351380773598,14.573014051896582,14.615777277069144,14.553521425978191,14.597560625035111,14.524590932083626,14.541568600077255,14.615487224320932,14.235821415530511,14.606662277736568,14.582746284753744,14.566957350840333,14.454927958550297,14.59491129280326,14.509217168385053,14.64194605969824,14.501155811483724,14.570043693346836,14.53726892765363,14.129064365071477
7.86371503821605,7.861555456119725,7.707039989283064,7.847333889603155,7.8395691718833564,7.855154025266341,7.8526365220641825,7.839585662553501,7.8666960875066225,7.870495578124551,7.848229993230606,7.839919295688649,7.654414264758088,7.821873626504084,7.818014780172076,7.640740024103202,7.837671416414274,7.866367905466969,7.8776861139763295,7.844630163960347,7.841586788409648,7.879260317038818,7.886418112112496,7.842763234202653,7.862162104568232,7.864807677831636,7.890507521393495,7.585742619198543,7.8434404669915905,7.813511914845498,7.876542619470211,7.770480053870468,7.851794651975869,7.873035930433087,7.8669883110449925,7.892419066969696,7.824142711900474,7.802878426685073,7.846624773496444,7.50920998461072,7.857414310738376,7.861287650653756,7.868082602752892,7.809669056052678,7.878653790323926,7.842913832986842,7.883459715525725,7.830260836575745,7.854117207586473,7.835966159217671,7.348142526538637
8.242194616126719,8.235764839918552,8.142950058934414,8.221985465633225,8.228984854682148,8.238514400373687,8.241216623689308,8.2201583419357,8.254717698476194,8.253513088811374,8.229659885134799,8.226077783243003,8.141414738295744,8.211910312499562,8.218363984201957,8.139817513833924,8.219582785408603,8.241067333338876,8.249833296519045,8.235547246254258,8.23398480431964,8.266848437347598,8.256960637839192,8.243527946802256,8.24353714448295,8.257326138406972,8.270406317125486,8.104908456426568,8.234720071627594,8.224546016921364,8.262342559039775,8.193177703144173,8.245945931300001,8.25037702242523,8.244595047417567,8.272210502512728,8.21159893331184,8.21661782713608,8.240580526217705,8.081515692154674,8.24554245422056,8.255152268716838,8.247258703753062,8.215226063127059,8.26680581521295,8.239505486504527,8.25254071130316,8.231073243815125,8.245458723689156,8.226450345391529,7.979280614711028
2.7067745681425737,2.6996553276279047,2.708992498253946,2.6974640561597414,2.7030526624662676,2.709635378051373,2.7102694381608354,2.7025264271762417,2.718330184682449,2.714984044982679,2.7083620652437848,2.7050352897382393,2.74348714416673,2.708539634387903,2.7112039540681803,2.749157116042769,2.7020639256874044,2.709227165674117,2.7033947023419347,2.7070870973899734,2.708725218364142,2.7119802942848237,2.7034060631120784,2.7131020458914894,2.708265512865772,2.7148907895683863,2.7161818438311034,2.7547873355423698,2.712205177925405,2.717209053331761,2.714267284045586,2.7190786124828032,2.716271708154414,2.7113692119869746,2.7057745654032774,2.7139891995084526,2.7035877271617297,2.72186963101909,2.71936317835228,2.770802079547979,2.715949225752471,2.71913972288338,2.706881631756828,2.70998348680041,2.7184236334055387,2.71241281851167,2.707993741140077,2.7115856135491683,2.7168465087541596,2.708021232250319,2.7809875131130686
